<?xml version="1.0" encoding="UTF-8" ?>
<!-- This is a WordPress eXtended RSS file generated by WordPress as an export of your site. -->
<!-- It contains information about your site's posts, pages, comments, categories, and other content. -->
<!-- You may use this file to transfer that content from one site to another. -->
<!-- This file is not intended to serve as a complete backup of your site. -->

<!-- To import this information into a WordPress site follow these steps: -->
<!-- 1. Log in to that site as an administrator. -->
<!-- 2. Go to Tools: Import in the WordPress admin panel. -->
<!-- 3. Install the "WordPress" importer from the list. -->
<!-- 4. Activate & Run Importer. -->
<!-- 5. Upload this file using the form provided on that page. -->
<!-- 6. You will first be asked to map the authors in this export file to users -->
<!--    on the site. For each author, you may choose to map to an -->
<!--    existing user on the site or to create a new user. -->
<!-- 7. WordPress will then import each of the posts, pages, comments, categories, etc. -->
<!--    contained in this file into your site. -->

	<!-- generator="WordPress/5.6" created="2020-12-17 14:57" -->
<rss version="2.0"
	xmlns:excerpt="http://wordpress.org/export/1.2/excerpt/"
	xmlns:content="http://purl.org/rss/1.0/modules/content/"
	xmlns:wfw="http://wellformedweb.org/CommentAPI/"
	xmlns:dc="http://purl.org/dc/elements/1.1/"
	xmlns:wp="http://wordpress.org/export/1.2/"
>

<channel>
	<title>Ewebot</title>
	<link>https://livewp.site/wp/md/ewebot</link>
	<description></description>
	<pubDate>Thu, 17 Dec 2020 14:57:37 +0000</pubDate>
	<language>en-US</language>
	<wp:wxr_version>1.2</wp:wxr_version>
	<wp:base_site_url>http://livewp.site/wp/md/</wp:base_site_url>
	<wp:base_blog_url>https://livewp.site/wp/md/ewebot</wp:base_blog_url>

		<wp:author><wp:author_id>1</wp:author_id><wp:author_login><![CDATA[wpadmin]]></wp:author_login><wp:author_email><![CDATA[help@livewp.site]]></wp:author_email><wp:author_display_name><![CDATA[Steve]]></wp:author_display_name><wp:author_first_name><![CDATA[Steve]]></wp:author_first_name><wp:author_last_name><![CDATA[Jones]]></wp:author_last_name></wp:author>
	<wp:author><wp:author_id>2</wp:author_id><wp:author_login><![CDATA[john]]></wp:author_login><wp:author_email><![CDATA[john@livewp.site]]></wp:author_email><wp:author_display_name><![CDATA[John]]></wp:author_display_name><wp:author_first_name><![CDATA[John]]></wp:author_first_name><wp:author_last_name><![CDATA[]]></wp:author_last_name></wp:author>
	<wp:author><wp:author_id>3</wp:author_id><wp:author_login><![CDATA[michael]]></wp:author_login><wp:author_email><![CDATA[help2@livewp.site]]></wp:author_email><wp:author_display_name><![CDATA[Michael]]></wp:author_display_name><wp:author_first_name><![CDATA[]]></wp:author_first_name><wp:author_last_name><![CDATA[]]></wp:author_last_name></wp:author>
	<wp:author><wp:author_id>257</wp:author_id><wp:author_login><![CDATA[wpeditor]]></wp:author_login><wp:author_email><![CDATA[wpeditor@livewp.site]]></wp:author_email><wp:author_display_name><![CDATA[Tim]]></wp:author_display_name><wp:author_first_name><![CDATA[Tim]]></wp:author_first_name><wp:author_last_name><![CDATA[Cook]]></wp:author_last_name></wp:author>
	<wp:author><wp:author_id>467</wp:author_id><wp:author_login><![CDATA[svger]]></wp:author_login><wp:author_email><![CDATA[svger@livewp.site]]></wp:author_email><wp:author_display_name><![CDATA[svger]]></wp:author_display_name><wp:author_first_name><![CDATA[]]></wp:author_first_name><wp:author_last_name><![CDATA[]]></wp:author_last_name></wp:author>

				
	<generator>https://wordpress.org/?v=5.6</generator>

		
					<item>
		<title>home9_icon3</title>
		<link>https://livewp.site/wp/md/ewebot/home-09/home9_icon3/</link>
		<pubDate>Mon, 23 Nov 2020 13:23:01 +0000</pubDate>
		<dc:creator><![CDATA[michael]]></dc:creator>
		<guid isPermaLink="false">https://livewp.site/wp/md/ewebot/wp-content/uploads/sites/64/2020/11/home9_icon3.png</guid>
		<description></description>
		<content:encoded><![CDATA[]]></content:encoded>
		<excerpt:encoded><![CDATA[]]></excerpt:encoded>
		<wp:post_id>6492</wp:post_id>
		<wp:post_date><![CDATA[2020-11-23 13:23:01]]></wp:post_date>
		<wp:post_date_gmt><![CDATA[2020-11-23 13:23:01]]></wp:post_date_gmt>
		<wp:comment_status><![CDATA[open]]></wp:comment_status>
		<wp:ping_status><![CDATA[closed]]></wp:ping_status>
		<wp:post_name><![CDATA[home9_icon3]]></wp:post_name>
		<wp:status><![CDATA[inherit]]></wp:status>
		<wp:post_parent>6450</wp:post_parent>
		<wp:menu_order>0</wp:menu_order>
		<wp:post_type><![CDATA[attachment]]></wp:post_type>
		<wp:post_password><![CDATA[]]></wp:post_password>
		<wp:is_sticky>0</wp:is_sticky>
						<wp:attachment_url><![CDATA[https://livewp.site/wp/md/ewebot/wp-content/uploads/sites/64/2020/11/home9_icon3.png]]></wp:attachment_url>
											<wp:postmeta>
		<wp:meta_key><![CDATA[_wp_attached_file]]></wp:meta_key>
		<wp:meta_value><![CDATA[2020/11/home9_icon3.png]]></wp:meta_value>
		</wp:postmeta>
							<wp:postmeta>
		<wp:meta_key><![CDATA[_wp_attachment_metadata]]></wp:meta_key>
		<wp:meta_value><![CDATA[a:5:{s:5:"width";i:184;s:6:"height";i:206;s:4:"file";s:23:"2020/11/home9_icon3.png";s:5:"sizes";a:1:{s:9:"thumbnail";a:4:{s:4:"file";s:23:"home9_icon3-150x150.png";s:5:"width";i:150;s:6:"height";i:150;s:9:"mime-type";s:9:"image/png";}}s:10:"image_meta";a:12:{s:8:"aperture";s:1:"0";s:6:"credit";s:0:"";s:6:"camera";s:0:"";s:7:"caption";s:0:"";s:17:"created_timestamp";s:1:"0";s:9:"copyright";s:0:"";s:12:"focal_length";s:1:"0";s:3:"iso";s:1:"0";s:13:"shutter_speed";s:1:"0";s:5:"title";s:0:"";s:11:"orientation";s:1:"0";s:8:"keywords";a:0:{}}}]]></wp:meta_value>
		</wp:postmeta>
							</item>

					<item>
		<title>home09_vawe-bg3</title>
		<link>https://livewp.site/wp/md/ewebot/home-09/home09_vawe-bg3/</link>
		<pubDate>Mon, 23 Nov 2020 13:23:49 +0000</pubDate>
		<dc:creator><![CDATA[michael]]></dc:creator>
		<guid isPermaLink="false">https://livewp.site/wp/md/ewebot/wp-content/uploads/sites/64/2020/11/home09_vawe-bg3.png</guid>
		<description></description>
		<content:encoded><![CDATA[]]></content:encoded>
		<excerpt:encoded><![CDATA[]]></excerpt:encoded>
		<wp:post_id>6493</wp:post_id>
		<wp:post_date><![CDATA[2020-11-23 13:23:49]]></wp:post_date>
		<wp:post_date_gmt><![CDATA[2020-11-23 13:23:49]]></wp:post_date_gmt>
		<wp:comment_status><![CDATA[open]]></wp:comment_status>
		<wp:ping_status><![CDATA[closed]]></wp:ping_status>
		<wp:post_name><![CDATA[home09_vawe-bg3]]></wp:post_name>
		<wp:status><![CDATA[inherit]]></wp:status>
		<wp:post_parent>6450</wp:post_parent>
		<wp:menu_order>0</wp:menu_order>
		<wp:post_type><![CDATA[attachment]]></wp:post_type>
		<wp:post_password><![CDATA[]]></wp:post_password>
		<wp:is_sticky>0</wp:is_sticky>
						<wp:attachment_url><![CDATA[https://livewp.site/wp/md/ewebot/wp-content/uploads/sites/64/2020/11/home09_vawe-bg3.png]]></wp:attachment_url>
											<wp:postmeta>
		<wp:meta_key><![CDATA[_wp_attached_file]]></wp:meta_key>
		<wp:meta_value><![CDATA[2020/11/home09_vawe-bg3.png]]></wp:meta_value>
		</wp:postmeta>
							<wp:postmeta>
		<wp:meta_key><![CDATA[_wp_attachment_metadata]]></wp:meta_key>
		<wp:meta_value><![CDATA[a:5:{s:5:"width";i:1920;s:6:"height";i:300;s:4:"file";s:27:"2020/11/home09_vawe-bg3.png";s:5:"sizes";a:12:{s:6:"medium";a:4:{s:4:"file";s:26:"home09_vawe-bg3-300x47.png";s:5:"width";i:300;s:6:"height";i:47;s:9:"mime-type";s:9:"image/png";}s:5:"large";a:4:{s:4:"file";s:28:"home09_vawe-bg3-1024x160.png";s:5:"width";i:1024;s:6:"height";i:160;s:9:"mime-type";s:9:"image/png";}s:9:"thumbnail";a:4:{s:4:"file";s:27:"home09_vawe-bg3-150x150.png";s:5:"width";i:150;s:6:"height";i:150;s:9:"mime-type";s:9:"image/png";}s:12:"medium_large";a:4:{s:4:"file";s:27:"home09_vawe-bg3-768x120.png";s:5:"width";i:768;s:6:"height";i:120;s:9:"mime-type";s:9:"image/png";}s:9:"1536x1536";a:4:{s:4:"file";s:28:"home09_vawe-bg3-1536x240.png";s:5:"width";i:1536;s:6:"height";i:240;s:9:"mime-type";s:9:"image/png";}s:15:"gt3theme_mobile";a:4:{s:4:"file";s:26:"home09_vawe-bg3-480x75.png";s:5:"width";i:480;s:6:"height";i:75;s:9:"mime-type";s:9:"image/png";}s:21:"woocommerce_thumbnail";a:5:{s:4:"file";s:27:"home09_vawe-bg3-300x300.png";s:5:"width";i:300;s:6:"height";i:300;s:9:"mime-type";s:9:"image/png";s:9:"uncropped";b:0;}s:18:"woocommerce_single";a:4:{s:4:"file";s:28:"home09_vawe-bg3-1200x188.png";s:5:"width";i:1200;s:6:"height";i:188;s:9:"mime-type";s:9:"image/png";}s:29:"woocommerce_gallery_thumbnail";a:4:{s:4:"file";s:27:"home09_vawe-bg3-400x300.png";s:5:"width";i:400;s:6:"height";i:300;s:9:"mime-type";s:9:"image/png";}s:12:"shop_catalog";a:4:{s:4:"file";s:27:"home09_vawe-bg3-300x300.png";s:5:"width";i:300;s:6:"height";i:300;s:9:"mime-type";s:9:"image/png";}s:11:"shop_single";a:4:{s:4:"file";s:28:"home09_vawe-bg3-1200x188.png";s:5:"width";i:1200;s:6:"height";i:188;s:9:"mime-type";s:9:"image/png";}s:14:"shop_thumbnail";a:4:{s:4:"file";s:27:"home09_vawe-bg3-400x300.png";s:5:"width";i:400;s:6:"height";i:300;s:9:"mime-type";s:9:"image/png";}}s:10:"image_meta";a:12:{s:8:"aperture";s:1:"0";s:6:"credit";s:0:"";s:6:"camera";s:0:"";s:7:"caption";s:0:"";s:17:"created_timestamp";s:1:"0";s:9:"copyright";s:0:"";s:12:"focal_length";s:1:"0";s:3:"iso";s:1:"0";s:13:"shutter_speed";s:1:"0";s:5:"title";s:0:"";s:11:"orientation";s:1:"0";s:8:"keywords";a:0:{}}}]]></wp:meta_value>
		</wp:postmeta>
							</item>

					<item>
		<title>home09-vawe-bg4_new</title>
		<link>https://livewp.site/wp/md/ewebot/home-09/home09-vawe-bg4_new/</link>
		<pubDate>Mon, 23 Nov 2020 13:24:16 +0000</pubDate>
		<dc:creator><![CDATA[michael]]></dc:creator>
		<guid isPermaLink="false">https://livewp.site/wp/md/ewebot/wp-content/uploads/sites/64/2020/11/home09-vawe-bg4_new.png</guid>
		<description></description>
		<content:encoded><![CDATA[]]></content:encoded>
		<excerpt:encoded><![CDATA[]]></excerpt:encoded>
		<wp:post_id>6494</wp:post_id>
		<wp:post_date><![CDATA[2020-11-23 13:24:16]]></wp:post_date>
		<wp:post_date_gmt><![CDATA[2020-11-23 13:24:16]]></wp:post_date_gmt>
		<wp:comment_status><![CDATA[open]]></wp:comment_status>
		<wp:ping_status><![CDATA[closed]]></wp:ping_status>
		<wp:post_name><![CDATA[home09-vawe-bg4_new]]></wp:post_name>
		<wp:status><![CDATA[inherit]]></wp:status>
		<wp:post_parent>6450</wp:post_parent>
		<wp:menu_order>0</wp:menu_order>
		<wp:post_type><![CDATA[attachment]]></wp:post_type>
		<wp:post_password><![CDATA[]]></wp:post_password>
		<wp:is_sticky>0</wp:is_sticky>
						<wp:attachment_url><![CDATA[https://livewp.site/wp/md/ewebot/wp-content/uploads/sites/64/2020/11/home09-vawe-bg4_new.png]]></wp:attachment_url>
											<wp:postmeta>
		<wp:meta_key><![CDATA[_wp_attached_file]]></wp:meta_key>
		<wp:meta_value><![CDATA[2020/11/home09-vawe-bg4_new.png]]></wp:meta_value>
		</wp:postmeta>
							<wp:postmeta>
		<wp:meta_key><![CDATA[_wp_attachment_metadata]]></wp:meta_key>
		<wp:meta_value><![CDATA[a:5:{s:5:"width";i:1920;s:6:"height";i:1150;s:4:"file";s:31:"2020/11/home09-vawe-bg4_new.png";s:5:"sizes";a:12:{s:6:"medium";a:4:{s:4:"file";s:31:"home09-vawe-bg4_new-300x180.png";s:5:"width";i:300;s:6:"height";i:180;s:9:"mime-type";s:9:"image/png";}s:5:"large";a:4:{s:4:"file";s:32:"home09-vawe-bg4_new-1024x613.png";s:5:"width";i:1024;s:6:"height";i:613;s:9:"mime-type";s:9:"image/png";}s:9:"thumbnail";a:4:{s:4:"file";s:31:"home09-vawe-bg4_new-150x150.png";s:5:"width";i:150;s:6:"height";i:150;s:9:"mime-type";s:9:"image/png";}s:12:"medium_large";a:4:{s:4:"file";s:31:"home09-vawe-bg4_new-768x460.png";s:5:"width";i:768;s:6:"height";i:460;s:9:"mime-type";s:9:"image/png";}s:9:"1536x1536";a:4:{s:4:"file";s:32:"home09-vawe-bg4_new-1536x920.png";s:5:"width";i:1536;s:6:"height";i:920;s:9:"mime-type";s:9:"image/png";}s:15:"gt3theme_mobile";a:4:{s:4:"file";s:31:"home09-vawe-bg4_new-480x288.png";s:5:"width";i:480;s:6:"height";i:288;s:9:"mime-type";s:9:"image/png";}s:21:"woocommerce_thumbnail";a:5:{s:4:"file";s:31:"home09-vawe-bg4_new-300x400.png";s:5:"width";i:300;s:6:"height";i:400;s:9:"mime-type";s:9:"image/png";s:9:"uncropped";b:0;}s:18:"woocommerce_single";a:4:{s:4:"file";s:32:"home09-vawe-bg4_new-1200x719.png";s:5:"width";i:1200;s:6:"height";i:719;s:9:"mime-type";s:9:"image/png";}s:29:"woocommerce_gallery_thumbnail";a:4:{s:4:"file";s:31:"home09-vawe-bg4_new-400x400.png";s:5:"width";i:400;s:6:"height";i:400;s:9:"mime-type";s:9:"image/png";}s:12:"shop_catalog";a:4:{s:4:"file";s:31:"home09-vawe-bg4_new-300x400.png";s:5:"width";i:300;s:6:"height";i:400;s:9:"mime-type";s:9:"image/png";}s:11:"shop_single";a:4:{s:4:"file";s:32:"home09-vawe-bg4_new-1200x719.png";s:5:"width";i:1200;s:6:"height";i:719;s:9:"mime-type";s:9:"image/png";}s:14:"shop_thumbnail";a:4:{s:4:"file";s:31:"home09-vawe-bg4_new-400x400.png";s:5:"width";i:400;s:6:"height";i:400;s:9:"mime-type";s:9:"image/png";}}s:10:"image_meta";a:12:{s:8:"aperture";s:1:"0";s:6:"credit";s:0:"";s:6:"camera";s:0:"";s:7:"caption";s:0:"";s:17:"created_timestamp";s:1:"0";s:9:"copyright";s:0:"";s:12:"focal_length";s:1:"0";s:3:"iso";s:1:"0";s:13:"shutter_speed";s:1:"0";s:5:"title";s:0:"";s:11:"orientation";s:1:"0";s:8:"keywords";a:0:{}}}]]></wp:meta_value>
		</wp:postmeta>
							</item>

					<item>
		<title>home09_quote</title>
		<link>https://livewp.site/wp/md/ewebot/home-09/home09_quote/</link>
		<pubDate>Mon, 23 Nov 2020 13:24:45 +0000</pubDate>
		<dc:creator><![CDATA[michael]]></dc:creator>
		<guid isPermaLink="false">https://livewp.site/wp/md/ewebot/wp-content/uploads/sites/64/2020/11/home09_quote.png</guid>
		<description></description>
		<content:encoded><![CDATA[]]></content:encoded>
		<excerpt:encoded><![CDATA[]]></excerpt:encoded>
		<wp:post_id>6495</wp:post_id>
		<wp:post_date><![CDATA[2020-11-23 13:24:45]]></wp:post_date>
		<wp:post_date_gmt><![CDATA[2020-11-23 13:24:45]]></wp:post_date_gmt>
		<wp:comment_status><![CDATA[open]]></wp:comment_status>
		<wp:ping_status><![CDATA[closed]]></wp:ping_status>
		<wp:post_name><![CDATA[home09_quote]]></wp:post_name>
		<wp:status><![CDATA[inherit]]></wp:status>
		<wp:post_parent>6450</wp:post_parent>
		<wp:menu_order>0</wp:menu_order>
		<wp:post_type><![CDATA[attachment]]></wp:post_type>
		<wp:post_password><![CDATA[]]></wp:post_password>
		<wp:is_sticky>0</wp:is_sticky>
						<wp:attachment_url><![CDATA[https://livewp.site/wp/md/ewebot/wp-content/uploads/sites/64/2020/11/home09_quote.png]]></wp:attachment_url>
											<wp:postmeta>
		<wp:meta_key><![CDATA[_wp_attached_file]]></wp:meta_key>
		<wp:meta_value><![CDATA[2020/11/home09_quote.png]]></wp:meta_value>
		</wp:postmeta>
							<wp:postmeta>
		<wp:meta_key><![CDATA[_wp_attachment_metadata]]></wp:meta_key>
		<wp:meta_value><![CDATA[a:5:{s:5:"width";i:570;s:6:"height";i:440;s:4:"file";s:24:"2020/11/home09_quote.png";s:5:"sizes";a:7:{s:6:"medium";a:4:{s:4:"file";s:24:"home09_quote-300x232.png";s:5:"width";i:300;s:6:"height";i:232;s:9:"mime-type";s:9:"image/png";}s:9:"thumbnail";a:4:{s:4:"file";s:24:"home09_quote-150x150.png";s:5:"width";i:150;s:6:"height";i:150;s:9:"mime-type";s:9:"image/png";}s:15:"gt3theme_mobile";a:4:{s:4:"file";s:24:"home09_quote-480x371.png";s:5:"width";i:480;s:6:"height";i:371;s:9:"mime-type";s:9:"image/png";}s:21:"woocommerce_thumbnail";a:5:{s:4:"file";s:24:"home09_quote-300x400.png";s:5:"width";i:300;s:6:"height";i:400;s:9:"mime-type";s:9:"image/png";s:9:"uncropped";b:0;}s:29:"woocommerce_gallery_thumbnail";a:4:{s:4:"file";s:24:"home09_quote-400x400.png";s:5:"width";i:400;s:6:"height";i:400;s:9:"mime-type";s:9:"image/png";}s:12:"shop_catalog";a:4:{s:4:"file";s:24:"home09_quote-300x400.png";s:5:"width";i:300;s:6:"height";i:400;s:9:"mime-type";s:9:"image/png";}s:14:"shop_thumbnail";a:4:{s:4:"file";s:24:"home09_quote-400x400.png";s:5:"width";i:400;s:6:"height";i:400;s:9:"mime-type";s:9:"image/png";}}s:10:"image_meta";a:12:{s:8:"aperture";s:1:"0";s:6:"credit";s:0:"";s:6:"camera";s:0:"";s:7:"caption";s:0:"";s:17:"created_timestamp";s:1:"0";s:9:"copyright";s:0:"";s:12:"focal_length";s:1:"0";s:3:"iso";s:1:"0";s:13:"shutter_speed";s:1:"0";s:5:"title";s:0:"";s:11:"orientation";s:1:"0";s:8:"keywords";a:0:{}}}]]></wp:meta_value>
		</wp:postmeta>
							</item>

					<item>
		<title>contact_icon-white</title>
		<link>https://livewp.site/wp/md/ewebot/home-09/contact_icon-white/</link>
		<pubDate>Mon, 23 Nov 2020 13:25:06 +0000</pubDate>
		<dc:creator><![CDATA[michael]]></dc:creator>
		<guid isPermaLink="false">https://livewp.site/wp/md/ewebot/wp-content/uploads/sites/64/2020/11/contact_icon-white.png</guid>
		<description></description>
		<content:encoded><![CDATA[]]></content:encoded>
		<excerpt:encoded><![CDATA[]]></excerpt:encoded>
		<wp:post_id>6496</wp:post_id>
		<wp:post_date><![CDATA[2020-11-23 13:25:06]]></wp:post_date>
		<wp:post_date_gmt><![CDATA[2020-11-23 13:25:06]]></wp:post_date_gmt>
		<wp:comment_status><![CDATA[open]]></wp:comment_status>
		<wp:ping_status><![CDATA[closed]]></wp:ping_status>
		<wp:post_name><![CDATA[contact_icon-white]]></wp:post_name>
		<wp:status><![CDATA[inherit]]></wp:status>
		<wp:post_parent>6450</wp:post_parent>
		<wp:menu_order>0</wp:menu_order>
		<wp:post_type><![CDATA[attachment]]></wp:post_type>
		<wp:post_password><![CDATA[]]></wp:post_password>
		<wp:is_sticky>0</wp:is_sticky>
						<wp:attachment_url><![CDATA[https://livewp.site/wp/md/ewebot/wp-content/uploads/sites/64/2020/11/contact_icon-white.png]]></wp:attachment_url>
											<wp:postmeta>
		<wp:meta_key><![CDATA[_wp_attached_file]]></wp:meta_key>
		<wp:meta_value><![CDATA[2020/11/contact_icon-white.png]]></wp:meta_value>
		</wp:postmeta>
							<wp:postmeta>
		<wp:meta_key><![CDATA[_wp_attachment_metadata]]></wp:meta_key>
		<wp:meta_value><![CDATA[a:5:{s:5:"width";i:96;s:6:"height";i:86;s:4:"file";s:30:"2020/11/contact_icon-white.png";s:5:"sizes";a:0:{}s:10:"image_meta";a:12:{s:8:"aperture";s:1:"0";s:6:"credit";s:0:"";s:6:"camera";s:0:"";s:7:"caption";s:0:"";s:17:"created_timestamp";s:1:"0";s:9:"copyright";s:0:"";s:12:"focal_length";s:1:"0";s:3:"iso";s:1:"0";s:13:"shutter_speed";s:1:"0";s:5:"title";s:0:"";s:11:"orientation";s:1:"0";s:8:"keywords";a:0:{}}}]]></wp:meta_value>
		</wp:postmeta>
							</item>

					<item>
		<title>home9_bottom_vawe</title>
		<link>https://livewp.site/wp/md/ewebot/home-09/home9_bottom_vawe/</link>
		<pubDate>Mon, 23 Nov 2020 13:25:49 +0000</pubDate>
		<dc:creator><![CDATA[michael]]></dc:creator>
		<guid isPermaLink="false">https://livewp.site/wp/md/ewebot/wp-content/uploads/sites/64/2020/11/home9_bottom_vawe.png</guid>
		<description></description>
		<content:encoded><![CDATA[]]></content:encoded>
		<excerpt:encoded><![CDATA[]]></excerpt:encoded>
		<wp:post_id>6497</wp:post_id>
		<wp:post_date><![CDATA[2020-11-23 13:25:49]]></wp:post_date>
		<wp:post_date_gmt><![CDATA[2020-11-23 13:25:49]]></wp:post_date_gmt>
		<wp:comment_status><![CDATA[open]]></wp:comment_status>
		<wp:ping_status><![CDATA[closed]]></wp:ping_status>
		<wp:post_name><![CDATA[home9_bottom_vawe]]></wp:post_name>
		<wp:status><![CDATA[inherit]]></wp:status>
		<wp:post_parent>6450</wp:post_parent>
		<wp:menu_order>0</wp:menu_order>
		<wp:post_type><![CDATA[attachment]]></wp:post_type>
		<wp:post_password><![CDATA[]]></wp:post_password>
		<wp:is_sticky>0</wp:is_sticky>
						<wp:attachment_url><![CDATA[https://livewp.site/wp/md/ewebot/wp-content/uploads/sites/64/2020/11/home9_bottom_vawe.png]]></wp:attachment_url>
											<wp:postmeta>
		<wp:meta_key><![CDATA[_wp_attached_file]]></wp:meta_key>
		<wp:meta_value><![CDATA[2020/11/home9_bottom_vawe.png]]></wp:meta_value>
		</wp:postmeta>
							<wp:postmeta>
		<wp:meta_key><![CDATA[_wp_attachment_metadata]]></wp:meta_key>
		<wp:meta_value><![CDATA[a:5:{s:5:"width";i:1920;s:6:"height";i:785;s:4:"file";s:29:"2020/11/home9_bottom_vawe.png";s:5:"sizes";a:12:{s:6:"medium";a:4:{s:4:"file";s:29:"home9_bottom_vawe-300x123.png";s:5:"width";i:300;s:6:"height";i:123;s:9:"mime-type";s:9:"image/png";}s:5:"large";a:4:{s:4:"file";s:30:"home9_bottom_vawe-1024x419.png";s:5:"width";i:1024;s:6:"height";i:419;s:9:"mime-type";s:9:"image/png";}s:9:"thumbnail";a:4:{s:4:"file";s:29:"home9_bottom_vawe-150x150.png";s:5:"width";i:150;s:6:"height";i:150;s:9:"mime-type";s:9:"image/png";}s:12:"medium_large";a:4:{s:4:"file";s:29:"home9_bottom_vawe-768x314.png";s:5:"width";i:768;s:6:"height";i:314;s:9:"mime-type";s:9:"image/png";}s:9:"1536x1536";a:4:{s:4:"file";s:30:"home9_bottom_vawe-1536x628.png";s:5:"width";i:1536;s:6:"height";i:628;s:9:"mime-type";s:9:"image/png";}s:15:"gt3theme_mobile";a:4:{s:4:"file";s:29:"home9_bottom_vawe-480x196.png";s:5:"width";i:480;s:6:"height";i:196;s:9:"mime-type";s:9:"image/png";}s:21:"woocommerce_thumbnail";a:5:{s:4:"file";s:29:"home9_bottom_vawe-300x400.png";s:5:"width";i:300;s:6:"height";i:400;s:9:"mime-type";s:9:"image/png";s:9:"uncropped";b:0;}s:18:"woocommerce_single";a:4:{s:4:"file";s:30:"home9_bottom_vawe-1200x491.png";s:5:"width";i:1200;s:6:"height";i:491;s:9:"mime-type";s:9:"image/png";}s:29:"woocommerce_gallery_thumbnail";a:4:{s:4:"file";s:29:"home9_bottom_vawe-400x400.png";s:5:"width";i:400;s:6:"height";i:400;s:9:"mime-type";s:9:"image/png";}s:12:"shop_catalog";a:4:{s:4:"file";s:29:"home9_bottom_vawe-300x400.png";s:5:"width";i:300;s:6:"height";i:400;s:9:"mime-type";s:9:"image/png";}s:11:"shop_single";a:4:{s:4:"file";s:30:"home9_bottom_vawe-1200x491.png";s:5:"width";i:1200;s:6:"height";i:491;s:9:"mime-type";s:9:"image/png";}s:14:"shop_thumbnail";a:4:{s:4:"file";s:29:"home9_bottom_vawe-400x400.png";s:5:"width";i:400;s:6:"height";i:400;s:9:"mime-type";s:9:"image/png";}}s:10:"image_meta";a:12:{s:8:"aperture";s:1:"0";s:6:"credit";s:0:"";s:6:"camera";s:0:"";s:7:"caption";s:0:"";s:17:"created_timestamp";s:1:"0";s:9:"copyright";s:0:"";s:12:"focal_length";s:1:"0";s:3:"iso";s:1:"0";s:13:"shutter_speed";s:1:"0";s:5:"title";s:0:"";s:11:"orientation";s:1:"0";s:8:"keywords";a:0:{}}}]]></wp:meta_value>
		</wp:postmeta>
							</item>

					<item>
		<title>air-track</title>
		<link>https://livewp.site/wp/md/ewebot/home-09/air-track/</link>
		<pubDate>Mon, 23 Nov 2020 13:26:24 +0000</pubDate>
		<dc:creator><![CDATA[michael]]></dc:creator>
		<guid isPermaLink="false">https://livewp.site/wp/md/ewebot/wp-content/uploads/sites/64/2020/11/air-track.png</guid>
		<description></description>
		<content:encoded><![CDATA[]]></content:encoded>
		<excerpt:encoded><![CDATA[]]></excerpt:encoded>
		<wp:post_id>6498</wp:post_id>
		<wp:post_date><![CDATA[2020-11-23 13:26:24]]></wp:post_date>
		<wp:post_date_gmt><![CDATA[2020-11-23 13:26:24]]></wp:post_date_gmt>
		<wp:comment_status><![CDATA[open]]></wp:comment_status>
		<wp:ping_status><![CDATA[closed]]></wp:ping_status>
		<wp:post_name><![CDATA[air-track]]></wp:post_name>
		<wp:status><![CDATA[inherit]]></wp:status>
		<wp:post_parent>6450</wp:post_parent>
		<wp:menu_order>0</wp:menu_order>
		<wp:post_type><![CDATA[attachment]]></wp:post_type>
		<wp:post_password><![CDATA[]]></wp:post_password>
		<wp:is_sticky>0</wp:is_sticky>
						<wp:attachment_url><![CDATA[https://livewp.site/wp/md/ewebot/wp-content/uploads/sites/64/2020/11/air-track.png]]></wp:attachment_url>
											<wp:postmeta>
		<wp:meta_key><![CDATA[_wp_attached_file]]></wp:meta_key>
		<wp:meta_value><![CDATA[2020/11/air-track.png]]></wp:meta_value>
		</wp:postmeta>
							<wp:postmeta>
		<wp:meta_key><![CDATA[_wp_attachment_metadata]]></wp:meta_key>
		<wp:meta_value><![CDATA[a:5:{s:5:"width";i:346;s:6:"height";i:56;s:4:"file";s:21:"2020/11/air-track.png";s:5:"sizes";a:4:{s:6:"medium";a:4:{s:4:"file";s:20:"air-track-300x49.png";s:5:"width";i:300;s:6:"height";i:49;s:9:"mime-type";s:9:"image/png";}s:9:"thumbnail";a:4:{s:4:"file";s:20:"air-track-150x56.png";s:5:"width";i:150;s:6:"height";i:56;s:9:"mime-type";s:9:"image/png";}s:21:"woocommerce_thumbnail";a:5:{s:4:"file";s:20:"air-track-300x56.png";s:5:"width";i:300;s:6:"height";i:56;s:9:"mime-type";s:9:"image/png";s:9:"uncropped";b:0;}s:12:"shop_catalog";a:4:{s:4:"file";s:20:"air-track-300x56.png";s:5:"width";i:300;s:6:"height";i:56;s:9:"mime-type";s:9:"image/png";}}s:10:"image_meta";a:12:{s:8:"aperture";s:1:"0";s:6:"credit";s:0:"";s:6:"camera";s:0:"";s:7:"caption";s:0:"";s:17:"created_timestamp";s:1:"0";s:9:"copyright";s:0:"";s:12:"focal_length";s:1:"0";s:3:"iso";s:1:"0";s:13:"shutter_speed";s:1:"0";s:5:"title";s:0:"";s:11:"orientation";s:1:"0";s:8:"keywords";a:0:{}}}]]></wp:meta_value>
		</wp:postmeta>
							</item>

					<item>
		<title>sutra-hr</title>
		<link>https://livewp.site/wp/md/ewebot/home-09/sutra-hr/</link>
		<pubDate>Mon, 23 Nov 2020 13:26:24 +0000</pubDate>
		<dc:creator><![CDATA[michael]]></dc:creator>
		<guid isPermaLink="false">https://livewp.site/wp/md/ewebot/wp-content/uploads/sites/64/2020/11/sutra-hr.png</guid>
		<description></description>
		<content:encoded><![CDATA[]]></content:encoded>
		<excerpt:encoded><![CDATA[]]></excerpt:encoded>
		<wp:post_id>6499</wp:post_id>
		<wp:post_date><![CDATA[2020-11-23 13:26:24]]></wp:post_date>
		<wp:post_date_gmt><![CDATA[2020-11-23 13:26:24]]></wp:post_date_gmt>
		<wp:comment_status><![CDATA[open]]></wp:comment_status>
		<wp:ping_status><![CDATA[closed]]></wp:ping_status>
		<wp:post_name><![CDATA[sutra-hr]]></wp:post_name>
		<wp:status><![CDATA[inherit]]></wp:status>
		<wp:post_parent>6450</wp:post_parent>
		<wp:menu_order>0</wp:menu_order>
		<wp:post_type><![CDATA[attachment]]></wp:post_type>
		<wp:post_password><![CDATA[]]></wp:post_password>
		<wp:is_sticky>0</wp:is_sticky>
						<wp:attachment_url><![CDATA[https://livewp.site/wp/md/ewebot/wp-content/uploads/sites/64/2020/11/sutra-hr.png]]></wp:attachment_url>
											<wp:postmeta>
		<wp:meta_key><![CDATA[_wp_attached_file]]></wp:meta_key>
		<wp:meta_value><![CDATA[2020/11/sutra-hr.png]]></wp:meta_value>
		</wp:postmeta>
							<wp:postmeta>
		<wp:meta_key><![CDATA[_wp_attachment_metadata]]></wp:meta_key>
		<wp:meta_value><![CDATA[a:5:{s:5:"width";i:242;s:6:"height";i:90;s:4:"file";s:20:"2020/11/sutra-hr.png";s:5:"sizes";a:1:{s:9:"thumbnail";a:4:{s:4:"file";s:19:"sutra-hr-150x90.png";s:5:"width";i:150;s:6:"height";i:90;s:9:"mime-type";s:9:"image/png";}}s:10:"image_meta";a:12:{s:8:"aperture";s:1:"0";s:6:"credit";s:0:"";s:6:"camera";s:0:"";s:7:"caption";s:0:"";s:17:"created_timestamp";s:1:"0";s:9:"copyright";s:0:"";s:12:"focal_length";s:1:"0";s:3:"iso";s:1:"0";s:13:"shutter_speed";s:1:"0";s:5:"title";s:0:"";s:11:"orientation";s:1:"0";s:8:"keywords";a:0:{}}}]]></wp:meta_value>
		</wp:postmeta>
							</item>

					<item>
		<title>sylexcoin</title>
		<link>https://livewp.site/wp/md/ewebot/home-09/sylexcoin/</link>
		<pubDate>Mon, 23 Nov 2020 13:26:24 +0000</pubDate>
		<dc:creator><![CDATA[michael]]></dc:creator>
		<guid isPermaLink="false">https://livewp.site/wp/md/ewebot/wp-content/uploads/sites/64/2020/11/sylexcoin.png</guid>
		<description></description>
		<content:encoded><![CDATA[]]></content:encoded>
		<excerpt:encoded><![CDATA[]]></excerpt:encoded>
		<wp:post_id>6500</wp:post_id>
		<wp:post_date><![CDATA[2020-11-23 13:26:24]]></wp:post_date>
		<wp:post_date_gmt><![CDATA[2020-11-23 13:26:24]]></wp:post_date_gmt>
		<wp:comment_status><![CDATA[open]]></wp:comment_status>
		<wp:ping_status><![CDATA[closed]]></wp:ping_status>
		<wp:post_name><![CDATA[sylexcoin]]></wp:post_name>
		<wp:status><![CDATA[inherit]]></wp:status>
		<wp:post_parent>6450</wp:post_parent>
		<wp:menu_order>0</wp:menu_order>
		<wp:post_type><![CDATA[attachment]]></wp:post_type>
		<wp:post_password><![CDATA[]]></wp:post_password>
		<wp:is_sticky>0</wp:is_sticky>
						<wp:attachment_url><![CDATA[https://livewp.site/wp/md/ewebot/wp-content/uploads/sites/64/2020/11/sylexcoin.png]]></wp:attachment_url>
											<wp:postmeta>
		<wp:meta_key><![CDATA[_wp_attached_file]]></wp:meta_key>
		<wp:meta_value><![CDATA[2020/11/sylexcoin.png]]></wp:meta_value>
		</wp:postmeta>
							<wp:postmeta>
		<wp:meta_key><![CDATA[_wp_attachment_metadata]]></wp:meta_key>
		<wp:meta_value><![CDATA[a:5:{s:5:"width";i:286;s:6:"height";i:58;s:4:"file";s:21:"2020/11/sylexcoin.png";s:5:"sizes";a:1:{s:9:"thumbnail";a:4:{s:4:"file";s:20:"sylexcoin-150x58.png";s:5:"width";i:150;s:6:"height";i:58;s:9:"mime-type";s:9:"image/png";}}s:10:"image_meta";a:12:{s:8:"aperture";s:1:"0";s:6:"credit";s:0:"";s:6:"camera";s:0:"";s:7:"caption";s:0:"";s:17:"created_timestamp";s:1:"0";s:9:"copyright";s:0:"";s:12:"focal_length";s:1:"0";s:3:"iso";s:1:"0";s:13:"shutter_speed";s:1:"0";s:5:"title";s:0:"";s:11:"orientation";s:1:"0";s:8:"keywords";a:0:{}}}]]></wp:meta_value>
		</wp:postmeta>
							</item>

					<item>
		<title>zazzle-media</title>
		<link>https://livewp.site/wp/md/ewebot/home-09/zazzle-media/</link>
		<pubDate>Mon, 23 Nov 2020 13:26:24 +0000</pubDate>
		<dc:creator><![CDATA[michael]]></dc:creator>
		<guid isPermaLink="false">https://livewp.site/wp/md/ewebot/wp-content/uploads/sites/64/2020/11/zazzle-media.png</guid>
		<description></description>
		<content:encoded><![CDATA[]]></content:encoded>
		<excerpt:encoded><![CDATA[]]></excerpt:encoded>
		<wp:post_id>6501</wp:post_id>
		<wp:post_date><![CDATA[2020-11-23 13:26:24]]></wp:post_date>
		<wp:post_date_gmt><![CDATA[2020-11-23 13:26:24]]></wp:post_date_gmt>
		<wp:comment_status><![CDATA[open]]></wp:comment_status>
		<wp:ping_status><![CDATA[closed]]></wp:ping_status>
		<wp:post_name><![CDATA[zazzle-media]]></wp:post_name>
		<wp:status><![CDATA[inherit]]></wp:status>
		<wp:post_parent>6450</wp:post_parent>
		<wp:menu_order>0</wp:menu_order>
		<wp:post_type><![CDATA[attachment]]></wp:post_type>
		<wp:post_password><![CDATA[]]></wp:post_password>
		<wp:is_sticky>0</wp:is_sticky>
						<wp:attachment_url><![CDATA[https://livewp.site/wp/md/ewebot/wp-content/uploads/sites/64/2020/11/zazzle-media.png]]></wp:attachment_url>
											<wp:postmeta>
		<wp:meta_key><![CDATA[_wp_attached_file]]></wp:meta_key>
		<wp:meta_value><![CDATA[2020/11/zazzle-media.png]]></wp:meta_value>
		</wp:postmeta>
							<wp:postmeta>
		<wp:meta_key><![CDATA[_wp_attachment_metadata]]></wp:meta_key>
		<wp:meta_value><![CDATA[a:5:{s:5:"width";i:348;s:6:"height";i:54;s:4:"file";s:24:"2020/11/zazzle-media.png";s:5:"sizes";a:4:{s:6:"medium";a:4:{s:4:"file";s:23:"zazzle-media-300x47.png";s:5:"width";i:300;s:6:"height";i:47;s:9:"mime-type";s:9:"image/png";}s:9:"thumbnail";a:4:{s:4:"file";s:23:"zazzle-media-150x54.png";s:5:"width";i:150;s:6:"height";i:54;s:9:"mime-type";s:9:"image/png";}s:21:"woocommerce_thumbnail";a:5:{s:4:"file";s:23:"zazzle-media-300x54.png";s:5:"width";i:300;s:6:"height";i:54;s:9:"mime-type";s:9:"image/png";s:9:"uncropped";b:0;}s:12:"shop_catalog";a:4:{s:4:"file";s:23:"zazzle-media-300x54.png";s:5:"width";i:300;s:6:"height";i:54;s:9:"mime-type";s:9:"image/png";}}s:10:"image_meta";a:12:{s:8:"aperture";s:1:"0";s:6:"credit";s:0:"";s:6:"camera";s:0:"";s:7:"caption";s:0:"";s:17:"created_timestamp";s:1:"0";s:9:"copyright";s:0:"";s:12:"focal_length";s:1:"0";s:3:"iso";s:1:"0";s:13:"shutter_speed";s:1:"0";s:5:"title";s:0:"";s:11:"orientation";s:1:"0";s:8:"keywords";a:0:{}}}]]></wp:meta_value>
		</wp:postmeta>
							</item>

					<item>
		<title>testimonials_09_1</title>
		<link>https://livewp.site/wp/md/ewebot/home-09/testimonials_09_1/</link>
		<pubDate>Mon, 23 Nov 2020 13:33:12 +0000</pubDate>
		<dc:creator><![CDATA[michael]]></dc:creator>
		<guid isPermaLink="false">https://livewp.site/wp/md/ewebot/wp-content/uploads/sites/64/2020/11/testimonials_09_1.jpg</guid>
		<description></description>
		<content:encoded><![CDATA[]]></content:encoded>
		<excerpt:encoded><![CDATA[]]></excerpt:encoded>
		<wp:post_id>6505</wp:post_id>
		<wp:post_date><![CDATA[2020-11-23 13:33:12]]></wp:post_date>
		<wp:post_date_gmt><![CDATA[2020-11-23 13:33:12]]></wp:post_date_gmt>
		<wp:comment_status><![CDATA[open]]></wp:comment_status>
		<wp:ping_status><![CDATA[closed]]></wp:ping_status>
		<wp:post_name><![CDATA[testimonials_09_1]]></wp:post_name>
		<wp:status><![CDATA[inherit]]></wp:status>
		<wp:post_parent>6450</wp:post_parent>
		<wp:menu_order>0</wp:menu_order>
		<wp:post_type><![CDATA[attachment]]></wp:post_type>
		<wp:post_password><![CDATA[]]></wp:post_password>
		<wp:is_sticky>0</wp:is_sticky>
						<wp:attachment_url><![CDATA[https://livewp.site/wp/md/ewebot/wp-content/uploads/sites/64/2020/11/testimonials_09_1.jpg]]></wp:attachment_url>
											<wp:postmeta>
		<wp:meta_key><![CDATA[_wp_attached_file]]></wp:meta_key>
		<wp:meta_value><![CDATA[2020/11/testimonials_09_1.jpg]]></wp:meta_value>
		</wp:postmeta>
							<wp:postmeta>
		<wp:meta_key><![CDATA[_wp_attachment_metadata]]></wp:meta_key>
		<wp:meta_value><![CDATA[a:5:{s:5:"width";i:105;s:6:"height";i:105;s:4:"file";s:29:"2020/11/testimonials_09_1.jpg";s:5:"sizes";a:0:{}s:10:"image_meta";a:12:{s:8:"aperture";s:1:"0";s:6:"credit";s:0:"";s:6:"camera";s:0:"";s:7:"caption";s:0:"";s:17:"created_timestamp";s:1:"0";s:9:"copyright";s:0:"";s:12:"focal_length";s:1:"0";s:3:"iso";s:1:"0";s:13:"shutter_speed";s:1:"0";s:5:"title";s:0:"";s:11:"orientation";s:1:"0";s:8:"keywords";a:0:{}}}]]></wp:meta_value>
		</wp:postmeta>
							</item>

					<item>
		<title>testimonials_09_2</title>
		<link>https://livewp.site/wp/md/ewebot/home-09/testimonials_09_2/</link>
		<pubDate>Mon, 23 Nov 2020 13:33:36 +0000</pubDate>
		<dc:creator><![CDATA[michael]]></dc:creator>
		<guid isPermaLink="false">https://livewp.site/wp/md/ewebot/wp-content/uploads/sites/64/2020/11/testimonials_09_2.jpg</guid>
		<description></description>
		<content:encoded><![CDATA[]]></content:encoded>
		<excerpt:encoded><![CDATA[]]></excerpt:encoded>
		<wp:post_id>6506</wp:post_id>
		<wp:post_date><![CDATA[2020-11-23 13:33:36]]></wp:post_date>
		<wp:post_date_gmt><![CDATA[2020-11-23 13:33:36]]></wp:post_date_gmt>
		<wp:comment_status><![CDATA[open]]></wp:comment_status>
		<wp:ping_status><![CDATA[closed]]></wp:ping_status>
		<wp:post_name><![CDATA[testimonials_09_2]]></wp:post_name>
		<wp:status><![CDATA[inherit]]></wp:status>
		<wp:post_parent>6450</wp:post_parent>
		<wp:menu_order>0</wp:menu_order>
		<wp:post_type><![CDATA[attachment]]></wp:post_type>
		<wp:post_password><![CDATA[]]></wp:post_password>
		<wp:is_sticky>0</wp:is_sticky>
						<wp:attachment_url><![CDATA[https://livewp.site/wp/md/ewebot/wp-content/uploads/sites/64/2020/11/testimonials_09_2.jpg]]></wp:attachment_url>
											<wp:postmeta>
		<wp:meta_key><![CDATA[_wp_attached_file]]></wp:meta_key>
		<wp:meta_value><![CDATA[2020/11/testimonials_09_2.jpg]]></wp:meta_value>
		</wp:postmeta>
							<wp:postmeta>
		<wp:meta_key><![CDATA[_wp_attachment_metadata]]></wp:meta_key>
		<wp:meta_value><![CDATA[a:5:{s:5:"width";i:83;s:6:"height";i:83;s:4:"file";s:29:"2020/11/testimonials_09_2.jpg";s:5:"sizes";a:0:{}s:10:"image_meta";a:12:{s:8:"aperture";s:1:"0";s:6:"credit";s:0:"";s:6:"camera";s:0:"";s:7:"caption";s:0:"";s:17:"created_timestamp";s:1:"0";s:9:"copyright";s:0:"";s:12:"focal_length";s:1:"0";s:3:"iso";s:1:"0";s:13:"shutter_speed";s:1:"0";s:5:"title";s:0:"";s:11:"orientation";s:1:"0";s:8:"keywords";a:0:{}}}]]></wp:meta_value>
		</wp:postmeta>
							</item>

					<item>
		<title>SEO Consultancy</title>
		<link>https://livewp.site/wp/md/ewebot/home-09/seo-consultancy/</link>
		<pubDate>Tue, 24 Nov 2020 13:23:04 +0000</pubDate>
		<dc:creator><![CDATA[michael]]></dc:creator>
		<guid isPermaLink="false">https://livewp.site/wp/md/ewebot/wp-content/uploads/sites/64/2020/11/SEO-Consultancy.png</guid>
		<description></description>
		<content:encoded><![CDATA[]]></content:encoded>
		<excerpt:encoded><![CDATA[]]></excerpt:encoded>
		<wp:post_id>6567</wp:post_id>
		<wp:post_date><![CDATA[2020-11-24 13:23:04]]></wp:post_date>
		<wp:post_date_gmt><![CDATA[2020-11-24 13:23:04]]></wp:post_date_gmt>
		<wp:comment_status><![CDATA[open]]></wp:comment_status>
		<wp:ping_status><![CDATA[closed]]></wp:ping_status>
		<wp:post_name><![CDATA[seo-consultancy]]></wp:post_name>
		<wp:status><![CDATA[inherit]]></wp:status>
		<wp:post_parent>6450</wp:post_parent>
		<wp:menu_order>0</wp:menu_order>
		<wp:post_type><![CDATA[attachment]]></wp:post_type>
		<wp:post_password><![CDATA[]]></wp:post_password>
		<wp:is_sticky>0</wp:is_sticky>
						<wp:attachment_url><![CDATA[https://livewp.site/wp/md/ewebot/wp-content/uploads/sites/64/2020/11/SEO-Consultancy.png]]></wp:attachment_url>
											<wp:postmeta>
		<wp:meta_key><![CDATA[_wp_attached_file]]></wp:meta_key>
		<wp:meta_value><![CDATA[2020/11/SEO-Consultancy.png]]></wp:meta_value>
		</wp:postmeta>
							<wp:postmeta>
		<wp:meta_key><![CDATA[_wp_attachment_metadata]]></wp:meta_key>
		<wp:meta_value><![CDATA[a:5:{s:5:"width";i:466;s:6:"height";i:460;s:4:"file";s:27:"2020/11/SEO-Consultancy.png";s:5:"sizes";a:6:{s:6:"medium";a:4:{s:4:"file";s:27:"SEO-Consultancy-300x296.png";s:5:"width";i:300;s:6:"height";i:296;s:9:"mime-type";s:9:"image/png";}s:9:"thumbnail";a:4:{s:4:"file";s:27:"SEO-Consultancy-150x150.png";s:5:"width";i:150;s:6:"height";i:150;s:9:"mime-type";s:9:"image/png";}s:21:"woocommerce_thumbnail";a:5:{s:4:"file";s:27:"SEO-Consultancy-300x400.png";s:5:"width";i:300;s:6:"height";i:400;s:9:"mime-type";s:9:"image/png";s:9:"uncropped";b:0;}s:29:"woocommerce_gallery_thumbnail";a:4:{s:4:"file";s:27:"SEO-Consultancy-400x400.png";s:5:"width";i:400;s:6:"height";i:400;s:9:"mime-type";s:9:"image/png";}s:12:"shop_catalog";a:4:{s:4:"file";s:27:"SEO-Consultancy-300x400.png";s:5:"width";i:300;s:6:"height";i:400;s:9:"mime-type";s:9:"image/png";}s:14:"shop_thumbnail";a:4:{s:4:"file";s:27:"SEO-Consultancy-400x400.png";s:5:"width";i:400;s:6:"height";i:400;s:9:"mime-type";s:9:"image/png";}}s:10:"image_meta";a:12:{s:8:"aperture";s:1:"0";s:6:"credit";s:0:"";s:6:"camera";s:0:"";s:7:"caption";s:0:"";s:17:"created_timestamp";s:1:"0";s:9:"copyright";s:0:"";s:12:"focal_length";s:1:"0";s:3:"iso";s:1:"0";s:13:"shutter_speed";s:1:"0";s:5:"title";s:0:"";s:11:"orientation";s:1:"0";s:8:"keywords";a:0:{}}}]]></wp:meta_value>
		</wp:postmeta>
							</item>

					<item>
		<title>Competitor Analysis</title>
		<link>https://livewp.site/wp/md/ewebot/home-09/competitor-analysis/</link>
		<pubDate>Tue, 24 Nov 2020 13:28:10 +0000</pubDate>
		<dc:creator><![CDATA[michael]]></dc:creator>
		<guid isPermaLink="false">https://livewp.site/wp/md/ewebot/wp-content/uploads/sites/64/2020/11/Competitor-Analysis.png</guid>
		<description></description>
		<content:encoded><![CDATA[]]></content:encoded>
		<excerpt:encoded><![CDATA[]]></excerpt:encoded>
		<wp:post_id>6574</wp:post_id>
		<wp:post_date><![CDATA[2020-11-24 13:28:10]]></wp:post_date>
		<wp:post_date_gmt><![CDATA[2020-11-24 13:28:10]]></wp:post_date_gmt>
		<wp:comment_status><![CDATA[open]]></wp:comment_status>
		<wp:ping_status><![CDATA[closed]]></wp:ping_status>
		<wp:post_name><![CDATA[competitor-analysis]]></wp:post_name>
		<wp:status><![CDATA[inherit]]></wp:status>
		<wp:post_parent>6450</wp:post_parent>
		<wp:menu_order>0</wp:menu_order>
		<wp:post_type><![CDATA[attachment]]></wp:post_type>
		<wp:post_password><![CDATA[]]></wp:post_password>
		<wp:is_sticky>0</wp:is_sticky>
						<wp:attachment_url><![CDATA[https://livewp.site/wp/md/ewebot/wp-content/uploads/sites/64/2020/11/Competitor-Analysis.png]]></wp:attachment_url>
											<wp:postmeta>
		<wp:meta_key><![CDATA[_wp_attached_file]]></wp:meta_key>
		<wp:meta_value><![CDATA[2020/11/Competitor-Analysis.png]]></wp:meta_value>
		</wp:postmeta>
							<wp:postmeta>
		<wp:meta_key><![CDATA[_wp_attachment_metadata]]></wp:meta_key>
		<wp:meta_value><![CDATA[a:5:{s:5:"width";i:466;s:6:"height";i:460;s:4:"file";s:31:"2020/11/Competitor-Analysis.png";s:5:"sizes";a:6:{s:6:"medium";a:4:{s:4:"file";s:31:"Competitor-Analysis-300x296.png";s:5:"width";i:300;s:6:"height";i:296;s:9:"mime-type";s:9:"image/png";}s:9:"thumbnail";a:4:{s:4:"file";s:31:"Competitor-Analysis-150x150.png";s:5:"width";i:150;s:6:"height";i:150;s:9:"mime-type";s:9:"image/png";}s:21:"woocommerce_thumbnail";a:5:{s:4:"file";s:31:"Competitor-Analysis-300x400.png";s:5:"width";i:300;s:6:"height";i:400;s:9:"mime-type";s:9:"image/png";s:9:"uncropped";b:0;}s:29:"woocommerce_gallery_thumbnail";a:4:{s:4:"file";s:31:"Competitor-Analysis-400x400.png";s:5:"width";i:400;s:6:"height";i:400;s:9:"mime-type";s:9:"image/png";}s:12:"shop_catalog";a:4:{s:4:"file";s:31:"Competitor-Analysis-300x400.png";s:5:"width";i:300;s:6:"height";i:400;s:9:"mime-type";s:9:"image/png";}s:14:"shop_thumbnail";a:4:{s:4:"file";s:31:"Competitor-Analysis-400x400.png";s:5:"width";i:400;s:6:"height";i:400;s:9:"mime-type";s:9:"image/png";}}s:10:"image_meta";a:12:{s:8:"aperture";s:1:"0";s:6:"credit";s:0:"";s:6:"camera";s:0:"";s:7:"caption";s:0:"";s:17:"created_timestamp";s:1:"0";s:9:"copyright";s:0:"";s:12:"focal_length";s:1:"0";s:3:"iso";s:1:"0";s:13:"shutter_speed";s:1:"0";s:5:"title";s:0:"";s:11:"orientation";s:1:"0";s:8:"keywords";a:0:{}}}]]></wp:meta_value>
		</wp:postmeta>
							</item>

					<item>
		<title>Social Media Marketing</title>
		<link>https://livewp.site/wp/md/ewebot/home-09/social-media-marketing-2/</link>
		<pubDate>Tue, 24 Nov 2020 13:30:31 +0000</pubDate>
		<dc:creator><![CDATA[michael]]></dc:creator>
		<guid isPermaLink="false">https://livewp.site/wp/md/ewebot/wp-content/uploads/sites/64/2020/11/Social-Media-Marketing.png</guid>
		<description></description>
		<content:encoded><![CDATA[]]></content:encoded>
		<excerpt:encoded><![CDATA[]]></excerpt:encoded>
		<wp:post_id>6581</wp:post_id>
		<wp:post_date><![CDATA[2020-11-24 13:30:31]]></wp:post_date>
		<wp:post_date_gmt><![CDATA[2020-11-24 13:30:31]]></wp:post_date_gmt>
		<wp:comment_status><![CDATA[open]]></wp:comment_status>
		<wp:ping_status><![CDATA[closed]]></wp:ping_status>
		<wp:post_name><![CDATA[social-media-marketing-2]]></wp:post_name>
		<wp:status><![CDATA[inherit]]></wp:status>
		<wp:post_parent>6450</wp:post_parent>
		<wp:menu_order>0</wp:menu_order>
		<wp:post_type><![CDATA[attachment]]></wp:post_type>
		<wp:post_password><![CDATA[]]></wp:post_password>
		<wp:is_sticky>0</wp:is_sticky>
						<wp:attachment_url><![CDATA[https://livewp.site/wp/md/ewebot/wp-content/uploads/sites/64/2020/11/Social-Media-Marketing.png]]></wp:attachment_url>
											<wp:postmeta>
		<wp:meta_key><![CDATA[_wp_attached_file]]></wp:meta_key>
		<wp:meta_value><![CDATA[2020/11/Social-Media-Marketing.png]]></wp:meta_value>
		</wp:postmeta>
							<wp:postmeta>
		<wp:meta_key><![CDATA[_wp_attachment_metadata]]></wp:meta_key>
		<wp:meta_value><![CDATA[a:5:{s:5:"width";i:466;s:6:"height";i:460;s:4:"file";s:34:"2020/11/Social-Media-Marketing.png";s:5:"sizes";a:6:{s:6:"medium";a:4:{s:4:"file";s:34:"Social-Media-Marketing-300x296.png";s:5:"width";i:300;s:6:"height";i:296;s:9:"mime-type";s:9:"image/png";}s:9:"thumbnail";a:4:{s:4:"file";s:34:"Social-Media-Marketing-150x150.png";s:5:"width";i:150;s:6:"height";i:150;s:9:"mime-type";s:9:"image/png";}s:21:"woocommerce_thumbnail";a:5:{s:4:"file";s:34:"Social-Media-Marketing-300x400.png";s:5:"width";i:300;s:6:"height";i:400;s:9:"mime-type";s:9:"image/png";s:9:"uncropped";b:0;}s:29:"woocommerce_gallery_thumbnail";a:4:{s:4:"file";s:34:"Social-Media-Marketing-400x400.png";s:5:"width";i:400;s:6:"height";i:400;s:9:"mime-type";s:9:"image/png";}s:12:"shop_catalog";a:4:{s:4:"file";s:34:"Social-Media-Marketing-300x400.png";s:5:"width";i:300;s:6:"height";i:400;s:9:"mime-type";s:9:"image/png";}s:14:"shop_thumbnail";a:4:{s:4:"file";s:34:"Social-Media-Marketing-400x400.png";s:5:"width";i:400;s:6:"height";i:400;s:9:"mime-type";s:9:"image/png";}}s:10:"image_meta";a:12:{s:8:"aperture";s:1:"0";s:6:"credit";s:0:"";s:6:"camera";s:0:"";s:7:"caption";s:0:"";s:17:"created_timestamp";s:1:"0";s:9:"copyright";s:0:"";s:12:"focal_length";s:1:"0";s:3:"iso";s:1:"0";s:13:"shutter_speed";s:1:"0";s:5:"title";s:0:"";s:11:"orientation";s:1:"0";s:8:"keywords";a:0:{}}}]]></wp:meta_value>
		</wp:postmeta>
							</item>

					<item>
		<title>home09</title>
		<link>https://livewp.site/wp/md/ewebot/landing/home09/</link>
		<pubDate>Tue, 24 Nov 2020 14:33:04 +0000</pubDate>
		<dc:creator><![CDATA[michael]]></dc:creator>
		<guid isPermaLink="false">https://livewp.site/wp/md/ewebot/wp-content/uploads/sites/64/2020/11/home09.jpg</guid>
		<description></description>
		<content:encoded><![CDATA[]]></content:encoded>
		<excerpt:encoded><![CDATA[]]></excerpt:encoded>
		<wp:post_id>6596</wp:post_id>
		<wp:post_date><![CDATA[2020-11-24 14:33:04]]></wp:post_date>
		<wp:post_date_gmt><![CDATA[2020-11-24 14:33:04]]></wp:post_date_gmt>
		<wp:comment_status><![CDATA[open]]></wp:comment_status>
		<wp:ping_status><![CDATA[closed]]></wp:ping_status>
		<wp:post_name><![CDATA[home09]]></wp:post_name>
		<wp:status><![CDATA[inherit]]></wp:status>
		<wp:post_parent>4821</wp:post_parent>
		<wp:menu_order>0</wp:menu_order>
		<wp:post_type><![CDATA[attachment]]></wp:post_type>
		<wp:post_password><![CDATA[]]></wp:post_password>
		<wp:is_sticky>0</wp:is_sticky>
						<wp:attachment_url><![CDATA[https://livewp.site/wp/md/ewebot/wp-content/uploads/sites/64/2020/11/home09.jpg]]></wp:attachment_url>
											<wp:postmeta>
		<wp:meta_key><![CDATA[_wp_attached_file]]></wp:meta_key>
		<wp:meta_value><![CDATA[2020/11/home09.jpg]]></wp:meta_value>
		</wp:postmeta>
							<wp:postmeta>
		<wp:meta_key><![CDATA[_wp_attachment_metadata]]></wp:meta_key>
		<wp:meta_value><![CDATA[a:5:{s:5:"width";i:370;s:6:"height";i:480;s:4:"file";s:18:"2020/11/home09.jpg";s:5:"sizes";a:6:{s:6:"medium";a:4:{s:4:"file";s:18:"home09-231x300.jpg";s:5:"width";i:231;s:6:"height";i:300;s:9:"mime-type";s:10:"image/jpeg";}s:9:"thumbnail";a:4:{s:4:"file";s:18:"home09-150x150.jpg";s:5:"width";i:150;s:6:"height";i:150;s:9:"mime-type";s:10:"image/jpeg";}s:21:"woocommerce_thumbnail";a:5:{s:4:"file";s:18:"home09-300x400.jpg";s:5:"width";i:300;s:6:"height";i:400;s:9:"mime-type";s:10:"image/jpeg";s:9:"uncropped";b:0;}s:29:"woocommerce_gallery_thumbnail";a:4:{s:4:"file";s:18:"home09-370x400.jpg";s:5:"width";i:370;s:6:"height";i:400;s:9:"mime-type";s:10:"image/jpeg";}s:12:"shop_catalog";a:4:{s:4:"file";s:18:"home09-300x400.jpg";s:5:"width";i:300;s:6:"height";i:400;s:9:"mime-type";s:10:"image/jpeg";}s:14:"shop_thumbnail";a:4:{s:4:"file";s:18:"home09-370x400.jpg";s:5:"width";i:370;s:6:"height";i:400;s:9:"mime-type";s:10:"image/jpeg";}}s:10:"image_meta";a:12:{s:8:"aperture";s:1:"0";s:6:"credit";s:0:"";s:6:"camera";s:0:"";s:7:"caption";s:0:"";s:17:"created_timestamp";s:1:"0";s:9:"copyright";s:0:"";s:12:"focal_length";s:1:"0";s:3:"iso";s:1:"0";s:13:"shutter_speed";s:1:"0";s:5:"title";s:0:"";s:11:"orientation";s:1:"0";s:8:"keywords";a:0:{}}}]]></wp:meta_value>
		</wp:postmeta>
							</item>

					<item>
		<title>about_new</title>
		<link>https://livewp.site/wp/md/ewebot/about-us/about_new/</link>
		<pubDate>Thu, 17 Dec 2020 13:56:42 +0000</pubDate>
		<dc:creator><![CDATA[michael]]></dc:creator>
		<guid isPermaLink="false">https://livewp.site/wp/md/ewebot/wp-content/uploads/sites/64/2020/12/about_new.jpg</guid>
		<description></description>
		<content:encoded><![CDATA[]]></content:encoded>
		<excerpt:encoded><![CDATA[]]></excerpt:encoded>
		<wp:post_id>6737</wp:post_id>
		<wp:post_date><![CDATA[2020-12-17 13:56:42]]></wp:post_date>
		<wp:post_date_gmt><![CDATA[2020-12-17 13:56:42]]></wp:post_date_gmt>
		<wp:comment_status><![CDATA[open]]></wp:comment_status>
		<wp:ping_status><![CDATA[closed]]></wp:ping_status>
		<wp:post_name><![CDATA[about_new]]></wp:post_name>
		<wp:status><![CDATA[inherit]]></wp:status>
		<wp:post_parent>623</wp:post_parent>
		<wp:menu_order>0</wp:menu_order>
		<wp:post_type><![CDATA[attachment]]></wp:post_type>
		<wp:post_password><![CDATA[]]></wp:post_password>
		<wp:is_sticky>0</wp:is_sticky>
						<wp:attachment_url><![CDATA[https://livewp.site/wp/md/ewebot/wp-content/uploads/sites/64/2020/12/about_new.jpg]]></wp:attachment_url>
											<wp:postmeta>
		<wp:meta_key><![CDATA[_wp_attached_file]]></wp:meta_key>
		<wp:meta_value><![CDATA[2020/12/about_new.jpg]]></wp:meta_value>
		</wp:postmeta>
							<wp:postmeta>
		<wp:meta_key><![CDATA[_wp_attachment_metadata]]></wp:meta_key>
		<wp:meta_value><![CDATA[a:5:{s:5:"width";i:696;s:6:"height";i:650;s:4:"file";s:21:"2020/12/about_new.jpg";s:5:"sizes";a:7:{s:6:"medium";a:4:{s:4:"file";s:21:"about_new-300x280.jpg";s:5:"width";i:300;s:6:"height";i:280;s:9:"mime-type";s:10:"image/jpeg";}s:9:"thumbnail";a:4:{s:4:"file";s:21:"about_new-150x150.jpg";s:5:"width";i:150;s:6:"height";i:150;s:9:"mime-type";s:10:"image/jpeg";}s:15:"gt3theme_mobile";a:4:{s:4:"file";s:21:"about_new-480x448.jpg";s:5:"width";i:480;s:6:"height";i:448;s:9:"mime-type";s:10:"image/jpeg";}s:21:"woocommerce_thumbnail";a:5:{s:4:"file";s:21:"about_new-300x400.jpg";s:5:"width";i:300;s:6:"height";i:400;s:9:"mime-type";s:10:"image/jpeg";s:9:"uncropped";b:0;}s:29:"woocommerce_gallery_thumbnail";a:4:{s:4:"file";s:21:"about_new-400x400.jpg";s:5:"width";i:400;s:6:"height";i:400;s:9:"mime-type";s:10:"image/jpeg";}s:12:"shop_catalog";a:4:{s:4:"file";s:21:"about_new-300x400.jpg";s:5:"width";i:300;s:6:"height";i:400;s:9:"mime-type";s:10:"image/jpeg";}s:14:"shop_thumbnail";a:4:{s:4:"file";s:21:"about_new-400x400.jpg";s:5:"width";i:400;s:6:"height";i:400;s:9:"mime-type";s:10:"image/jpeg";}}s:10:"image_meta";a:12:{s:8:"aperture";s:1:"0";s:6:"credit";s:0:"";s:6:"camera";s:0:"";s:7:"caption";s:0:"";s:17:"created_timestamp";s:1:"0";s:9:"copyright";s:0:"";s:12:"focal_length";s:1:"0";s:3:"iso";s:1:"0";s:13:"shutter_speed";s:1:"0";s:5:"title";s:0:"";s:11:"orientation";s:1:"0";s:8:"keywords";a:0:{}}}]]></wp:meta_value>
		</wp:postmeta>
							</item>

				</channel>
</rss>
	
