{"sidebar_main-sidebar":{"custom_html-2":{"title":"","content":"<p><img class=\"rounded aligncenter size-full\" src=\"https:\/\/livewp.site\/wp\/md\/ewebot\/wp-content\/uploads\/sites\/63\/2019\/08\/blog_img_08.jpg\" alt=\"user_logo\" width=\"172\" height=\"172\"><\/p>\r\n<p style=\"text-align: center;font-size: 14px\">I got lucky because I never gave up the search. Are you quitting too soon? Or, are you willing to pursue luck with a vengeance?<\/p>\r\n<p style=\"text-align: center;padding-bottom: 0px\"><a class=\"gt3_icon_link gt3_custom_color\" style=\"font-size: 14px;color: #c2c2c2;margin-right: 15px;margin-top: 5px\" href=\"#\" target=\"_blank\" rel=\"noopener\" data-color=\"#c2c2c2\" data-hover-color=\"#00aced\"><i class=\"fa fa-twitter\">\u00a0<\/i><\/a> <a class=\"gt3_icon_link gt3_custom_color\" style=\"font-size: 14px;color: #c2c2c2;margin-right: 15px;margin-top: 5px\" href=\"#\" target=\"_blank\" rel=\"noopener\" data-color=\"#c2c2c2\" data-hover-color=\"#3b5998\"><i class=\"fa fa-facebook\">\u00a0<\/i><\/a><a class=\"gt3_icon_link gt3_custom_color\" href=\"#\" target=\"_blank\" data-color=\"#c1bfcc\" data-hover-color=\"#f04b3f\" style=\"font-size: 14px;color: #c1bfcc;margin-right: 15px;margin-top: 5px\" rel=\"noopener\"><i class=\"fa fa-google-plus\">\u00a0<\/i><\/a><a class=\"gt3_icon_link gt3_custom_color\" href=\"#\" target=\"_blank\" data-color=\"#c1bfcc\" data-hover-color=\"#cb2027\" style=\"font-size: 14px;color: #c1bfcc;margin-right: 15px;margin-top: 5px\" rel=\"noopener\"><i class=\"fa fa-pinterest-p\">\u00a0<\/i><\/a> <a class=\"gt3_icon_link gt3_custom_color\" href=\"#\" target=\"_blank\" data-color=\"#c1bfcc\" data-hover-color=\"#007bb6\" style=\"font-size: 14px;color: #c1bfcc;margin-right: 15px;margin-top: 5px\" rel=\"noopener\"><i class=\"fa fa-linkedin\">\u00a0<\/i><\/a><\/p>"},"search-2":{"title":""},"categories-2":{"title":"","count":0,"hierarchical":0,"dropdown":0},"posts-3":{"widget_title":"Recent Posts","posts_widget_number":3,"posts_widget_content_hide":false},"tag_cloud-2":{"title":"Popular Requests","count":0,"taxonomy":"post_tag"},"custom_html-3":{"title":"Advertizing Spot","content":"<img class=\"alignnone size-full wp-image-973\" style=\"max-width: 100%; height: auto; margin-top: 5px;\" src=\"https:\/\/livewp.site\/wp\/md\/ewebot\/wp-content\/uploads\/sites\/64\/2019\/07\/baner.jpg\" alt=\"\" width=\"270\" height=\"270\" \/>"}},"sidebar_shop-sidebar":{"woocommerce_product_search-2":{"title":""},"woocommerce_product_categories-3":{"title":"Categories","orderby":"name","dropdown":0,"count":0,"hierarchical":1,"show_children_only":0,"hide_empty":0,"max_depth":"Product categories"},"woocommerce_price_filter-4":{"title":"Filter by price"},"woocommerce_products-2":{"title":"Best Sellers","number":3,"show":"featured","orderby":"date","order":"desc","hide_free":0,"show_hidden":0},"woocommerce_widget_cart-2":{"title":"Cart","hide_if_empty":0}},"sidebar_header-sidebar":{"custom_html-4":{"title":"","content":"<img class=\"alignnone size-full wp-image-1456\" src=\"https:\/\/livewp.site\/wp\/md\/ewebot\/wp-content\/uploads\/sites\/63\/2019\/08\/logo_retinablack.png\" alt=\"\" width=\"149\" height=\"48\" \/>"},"custom_html-5":{"title":"","content":"<div class=\"textwidget\"><p>Claritas est etiam processus dynamicus, qui sequitur mutationem consuetudium lecto rum eleifend option congue nihil doming.<\/p><\/div>"},"categories-3":{"title":"","count":0,"hierarchical":0,"dropdown":0},"custom_html-6":{"title":"Contacts","content":"<div class=\"textwidget\"><p><a class=\"gt3_icon_link gt3_custom_color\" style=\"font-size: 17px;color: #5747e4;margin-right: 15px;margin-top: -20px\" href=\"#\" target=\"_blank\" rel=\"noopener noreferrer\" data-color=\"#5747e4\" data-hover-color=\"#f47215\"><br>\r\n<i class=\"fa fa-phone\" style=\"font-weight: bold\"> <\/i><br>\r\n<\/a> 8 800 2563 123<\/p>\r\n<p><a class=\"gt3_icon_link gt3_custom_color\" style=\"font-size: 17px;color: #5747e4;margin-right: 15px;margin-top: -5px\" href=\"#\" target=\"_blank\" rel=\"noopener noreferrer\" data-color=\"#5747e4\" data-hover-color=\"#f47215\"><i class=\"fa fa-envelope\">&nbsp;<\/i><\/a> emil@yoursite.com<\/p>\r\n<p><a class=\"gt3_icon_link gt3_custom_color\" style=\"font-size: 17px; margin-top: 7px; margin-right: 15px; margin-bottom: 20px; float: left; color: rgb(87, 71, 228);\" href=\"#\" target=\"_blank\" rel=\"noopener noreferrer\" data-color=\"#5747e4\" data-hover-color=\"#f47215\"><img class=\"alignnone\" src=\"https:\/\/livewp.site\/wp\/md\/ewebot\/wp-content\/uploads\/sites\/64\/2019\/09\/map_point.png\" alt=\"\" width=\"12\" height=\"17\"><\/a>&nbsp;27 Division St, New York, NY 10002, United States<\/p>\r\n<\/div>"},"mailchimpsf_widget-2":[],"custom_html-7":{"title":"","content":"<div class=\"textwidget\"><p><a class=\"gt3_icon_link gt3_custom_color\" style=\"font-size: 16px; color: rgb(151, 148, 180); margin-right: 15px; margin-top: 5px;\" href=\"#\" target=\"_blank\" rel=\"noopener noreferrer\" data-color=\"#9794b4\" data-hover-color=\"#00aced\"><i class=\"fa fa-twitter\">&nbsp;<\/i><\/a>&nbsp;<a class=\"gt3_icon_link gt3_custom_color\" style=\"font-size: 16px;color: #9794b4;margin-right: 15px;margin-top: 5px\" href=\"#\" target=\"_blank\" rel=\"noopener noreferrer\" data-color=\"#9794b4\" data-hover-color=\"#3b5998\"><i class=\"fa fa-facebook\">&nbsp;<\/i><\/a><a class=\"gt3_icon_link gt3_custom_color\" style=\"font-size: 16px;color: #9794b4;margin-right: 15px;margin-top: 5px\" href=\"#\" target=\"_blank\" rel=\"noopener noreferrer\" data-color=\"#9794b4\" data-hover-color=\"#f04b3f\"><i class=\"fa fa-google-plus\">&nbsp;<\/i><\/a> <a class=\"gt3_icon_link gt3_custom_color\" style=\"font-size: 16px;color: #9794b4;margin-right: 15px;margin-top: 5px\" href=\"#\" target=\"_blank\" rel=\"noopener noreferrer\" data-color=\"#9794b4\" data-hover-color=\"#cb2027\"><i class=\"fa fa-pinterest-p\">&nbsp;<\/i><\/a> <a class=\"gt3_icon_link gt3_custom_color\" style=\"font-size: 16px;color: #9794b4;margin-right: 15px;margin-top: 5px\" href=\"#\" target=\"_blank\" rel=\"noopener noreferrer\" data-color=\"#9794b4\" data-hover-color=\"#007bb6\"><i class=\"fa fa-linkedin\">&nbsp;<\/i><\/a><\/p>\r\n<\/div>"}}}
